D1,D2,D3,D4,D5,PowerBall,Winners,Jackpot,Date
6.0,26.0,33.0,44.0,46.0,4.0,318229,No,2015-10-03
21.0,39.0,40.0,55.0,59.0,17.0,1369056,Yes,2015-09-30
23.0,31.0,42.0,50.0,57.0,5.0,888150,No,2015-09-26
8.0,29.0,41.0,51.0,58.0,5.0,790478,No,2015-09-23
12.0,17.0,26.0,43.0,48.0,24.0,652860,No,2015-09-19
5.0,7.0,24.0,31.0,39.0,7.0,601921,No,2015-09-16
2.0,3.0,13.0,16.0,35.0,27.0,485347,No,2015-09-12
44.0,45.0,47.0,50.0,51.0,8.0,429757,No,2015-09-09
10.0,16.0,18.0,29.0,45.0,19.0,445152,No,2015-09-05
17.0,22.0,30.0,46.0,56.0,16.0,372807,No,2015-09-02
18.0,21.0,25.0,28.0,29.0,16.0,387082,No,2015-08-29
2.0,22.0,32.0,45.0,56.0,12.0,379297,No,2015-08-26
4.0,12.0,14.0,21.0,55.0,7.0,395217,No,2015-08-22
6.0,8.0,43.0,48.0,50.0,7.0,342494,No,2015-08-19
3.0,13.0,17.0,42.0,52.0,24.0,314097,No,2015-08-15
8.0,13.0,29.0,38.0,52.0,28.0,261489,No,2015-08-12
9.0,34.0,48.0,52.0,54.0,15.0,293602,No,2015-08-08
9.0,11.0,14.0,16.0,42.0,19.0,269315,No,2015-08-05
7.0,13.0,24.0,49.0,57.0,15.0,406185,Yes,2015-08-01
4.0,22.0,27.0,28.0,52.0,35.0,357907,No,2015-07-29
27.0,29.0,34.0,41.0,44.0,2.0,319867,No,2015-07-25
12.0,31.0,43.0,44.0,57.0,11.0,301612,No,2015-07-22
6.0,37.0,39.0,45.0,55.0,33.0,286547,No,2015-07-18
13.0,16.0,34.0,45.0,50.0,11.0,283884,No,2015-07-15
11.0,39.0,46.0,52.0,54.0,3.0,296206,No,2015-07-11
4.0,15.0,25.0,27.0,30.0,18.0,263140,No,2015-07-08
3.0,6.0,14.0,18.0,24.0,21.0,312551,Yes,2015-07-04
7.0,24.0,26.0,31.0,41.0,25.0,275876,No,2015-07-01
18.0,28.0,35.0,46.0,49.0,27.0,285585,No,2015-06-27
3.0,5.0,10.0,22.0,32.0,7.0,312358,No,2015-06-24
9.0,10.0,16.0,20.0,57.0,15.0,336876,Yes,2015-06-20
20.0,21.0,22.0,41.0,54.0,7.0,336071,No,2015-06-17
29.0,41.0,48.0,52.0,54.0,29.0,301671,No,2015-06-13
31.0,32.0,48.0,49.0,53.0,25.0,273886,No,2015-06-10
8.0,13.0,18.0,27.0,43.0,15.0,316137,No,2015-06-06
6.0,8.0,13.0,37.0,40.0,11.0,554186,Yes,2015-06-03
8.0,9.0,25.0,56.0,57.0,22.0,490900,No,2015-05-30
8.0,15.0,34.0,53.0,59.0,23.0,423528,No,2015-05-27
9.0,15.0,17.0,31.0,43.0,16.0,433341,No,2015-05-23
1.0,12.0,28.0,35.0,44.0,25.0,389350,No,2015-05-20
24.0,29.0,38.0,48.0,52.0,32.0,362068,No,2015-05-16
1.0,25.0,29.0,31.0,47.0,7.0,399640,No,2015-05-13
4.0,15.0,17.0,35.0,58.0,17.0,351785,No,2015-05-09
23.0,24.0,27.0,39.0,41.0,30.0,287300,No,2015-05-06
2.0,6.0,11.0,30.0,31.0,33.0,332009,No,2015-05-02
1.0,26.0,34.0,38.0,51.0,6.0,286728,No,2015-04-29
21.0,33.0,35.0,38.0,45.0,12.0,319243,No,2015-04-25
10.0,14.0,25.0,39.0,53.0,18.0,271121,No,2015-04-22
13.0,22.0,23.0,29.0,31.0,17.0,326608,Yes,2015-04-18
1.0,16.0,21.0,29.0,40.0,30.0,265447,No,2015-04-15
1.0,12.0,32.0,42.0,58.0,12.0,375762,Yes,2015-04-11
1.0,19.0,45.0,46.0,58.0,29.0,311695,No,2015-04-08
33.0,39.0,40.0,41.0,54.0,28.0,329228,No,2015-04-04
2.0,30.0,33.0,39.0,44.0,1.0,289901,No,2015-04-01
2.0,4.0,6.0,12.0,38.0,17.0,345396,No,2015-03-28
7.0,19.0,23.0,50.0,54.0,14.0,288962,Yes,2015-03-25
11.0,16.0,30.0,38.0,42.0,7.0,382800,Yes,2015-03-21
14.0,25.0,30.0,33.0,47.0,8.0,316859,No,2015-03-18
8.0,14.0,39.0,46.0,47.0,18.0,503933,Yes,2015-03-14
11.0,24.0,31.0,40.0,44.0,27.0,439004,No,2015-03-11
34.0,36.0,38.0,42.0,50.0,33.0,434672,No,2015-03-07
8.0,12.0,15.0,35.0,50.0,32.0,351151,No,2015-03-04
11.0,17.0,25.0,28.0,46.0,12.0,399199,No,2015-02-28
17.0,19.0,21.0,32.0,39.0,8.0,352561,No,2015-02-25
10.0,14.0,18.0,34.0,51.0,26.0,333164,No,2015-02-21
1.0,9.0,29.0,32.0,49.0,22.0,305037,No,2015-02-18
1.0,24.0,44.0,45.0,51.0,28.0,339019,No,2015-02-14
11.0,13.0,25.0,39.0,54.0,19.0,5313272,Yes,2015-02-11
5.0,10.0,21.0,34.0,58.0,33.0,1958879,No,2015-02-07
24.0,36.0,51.0,52.0,56.0,22.0,1287224,No,2015-02-04
5.0,11.0,16.0,26.0,50.0,34.0,928069,No,2015-01-31
12.0,24.0,35.0,36.0,49.0,1.0,751052,No,2015-01-28
16.0,19.0,20.0,29.0,33.0,10.0,760358,No,2015-01-24
11.0,12.0,15.0,28.0,57.0,23.0,638320,No,2015-01-21
15.0,16.0,23.0,27.0,36.0,9.0,581028,No,2015-01-17
2.0,4.0,10.0,41.0,53.0,22.0,462101,No,2015-01-14
2.0,9.0,19.0,28.0,29.0,19.0,487774,No,2015-01-10
14.0,15.0,47.0,49.0,59.0,10.0,422524,No,2015-01-07
4.0,18.0,43.0,46.0,55.0,25.0,407026,No,2015-01-03
17.0,27.0,37.0,40.0,53.0,35.0,454912,No,2014-12-31
7.0,10.0,11.0,14.0,36.0,15.0,369345,No,2014-12-27
11.0,12.0,46.0,47.0,50.0,22.0,425765,No,2014-12-24
14.0,15.0,19.0,31.0,56.0,5.0,363614,No,2014-12-20
22.0,31.0,38.0,47.0,48.0,15.0,286967,No,2014-12-17
5.0,13.0,28.0,43.0,55.0,33.0,309167,No,2014-12-13
34.0,44.0,48.0,54.0,55.0,10.0,283034,No,2014-12-10
12.0,15.0,22.0,43.0,49.0,14.0,299115,No,2014-12-06
25.0,30.0,32.0,46.0,54.0,26.0,252237,No,2014-12-03
13.0,24.0,30.0,42.0,48.0,27.0,320141,Yes,2014-11-29
16.0,17.0,22.0,46.0,54.0,35.0,326272,No,2014-11-26
23.0,49.0,53.0,54.0,57.0,35.0,330204,No,2014-11-22
6.0,36.0,38.0,48.0,51.0,17.0,291392,No,2014-11-19
13.0,16.0,33.0,35.0,51.0,28.0,298627,No,2014-11-15
37.0,39.0,51.0,52.0,55.0,11.0,312315,No,2014-11-12
9.0,19.0,33.0,38.0,54.0,15.0,626193,Yes,2014-11-08
2.0,11.0,19.0,21.0,42.0,34.0,498389,No,2014-11-05
1.0,3.0,13.0,25.0,38.0,17.0,516721,No,2014-11-01
25.0,28.0,48.0,57.0,59.0,16.0,414251,No,2014-10-29
6.0,10.0,51.0,54.0,57.0,12.0,456803,No,2014-10-25
29.0,30.0,40.0,42.0,50.0,16.0,372359,No,2014-10-22
20.0,26.0,27.0,36.0,54.0,19.0,406515,No,2014-10-18
5.0,7.0,19.0,27.0,28.0,20.0,324541,No,2014-10-15
10.0,19.0,37.0,38.0,39.0,28.0,319350,No,2014-10-11
5.0,16.0,31.0,46.0,50.0,18.0,301249,No,2014-10-08
13.0,18.0,24.0,25.0,33.0,31.0,312856,No,2014-10-04
1.0,4.0,18.0,20.0,45.0,7.0,338895,No,2014-10-01
2.0,11.0,35.0,52.0,54.0,13.0,355604,No,2014-09-27
7.0,14.0,21.0,24.0,41.0,26.0,807759,Yes,2014-09-24
22.0,23.0,30.0,37.0,39.0,16.0,651410,No,2014-09-20
18.0,25.0,36.0,48.0,50.0,23.0,563695,No,2014-09-17
1.0,6.0,16.0,37.0,53.0,27.0,517208,No,2014-09-13
2.0,14.0,39.0,40.0,43.0,13.0,497515,No,2014-09-10
9.0,29.0,31.0,43.0,50.0,18.0,458210,No,2014-09-06
2.0,16.0,43.0,45.0,51.0,35.0,399278,No,2014-09-03
5.0,28.0,31.0,52.0,59.0,27.0,365966,No,2014-08-30
17.0,24.0,26.0,45.0,46.0,19.0,313587,No,2014-08-27
28.0,32.0,35.0,36.0,52.0,31.0,304750,No,2014-08-23
4.0,8.0,21.0,38.0,40.0,3.0,292567,No,2014-08-20
7.0,8.0,17.0,48.0,59.0,9.0,324361,No,2014-08-16
8.0,37.0,39.0,40.0,52.0,24.0,268305,No,2014-08-13
3.0,12.0,31.0,34.0,51.0,24.0,365215,Yes,2014-08-09
1.0,8.0,24.0,28.0,49.0,24.0,328140,No,2014-08-06
12.0,26.0,44.0,46.0,47.0,29.0,346573,No,2014-08-02
13.0,30.0,42.0,49.0,53.0,29.0,288224,No,2014-07-30
24.0,28.0,30.0,38.0,39.0,16.0,302514,No,2014-07-26
4.0,10.0,12.0,22.0,31.0,3.0,302494,No,2014-07-23
10.0,17.0,25.0,45.0,53.0,9.0,356507,Yes,2014-07-19
5.0,15.0,18.0,26.0,32.0,35.0,311601,No,2014-07-16
2.0,3.0,7.0,23.0,51.0,26.0,326794,No,2014-07-12
9.0,25.0,42.0,55.0,57.0,14.0,462671,Yes,2014-07-09
24.0,34.0,36.0,57.0,58.0,11.0,463384,No,2014-07-05
8.0,18.0,45.0,53.0,58.0,35.0,366067,No,2014-07-02
8.0,12.0,34.0,43.0,56.0,9.0,379965,No,2014-06-28
10.0,20.0,25.0,50.0,53.0,35.0,335130,No,2014-06-25
5.0,6.0,37.0,41.0,54.0,26.0,332078,No,2014-06-21
6.0,9.0,29.0,52.0,59.0,7.0,350213,No,2014-06-18
9.0,33.0,42.0,45.0,54.0,30.0,331405,No,2014-06-14
14.0,18.0,25.0,33.0,49.0,23.0,901432,Yes,2014-06-11
28.0,30.0,35.0,58.0,59.0,15.0,757340,No,2014-06-07
1.0,7.0,10.0,22.0,49.0,24.0,634753,No,2014-06-04
15.0,27.0,31.0,34.0,48.0,1.0,547986,No,2014-05-31
2.0,24.0,28.0,32.0,59.0,25.0,467392,No,2014-05-28
15.0,16.0,28.0,49.0,55.0,18.0,471148,No,2014-05-24
4.0,20.0,34.0,39.0,58.0,31.0,372259,No,2014-05-21
23.0,32.0,39.0,47.0,49.0,22.0,395408,No,2014-05-17
7.0,33.0,39.0,52.0,55.0,33.0,318645,No,2014-05-14
4.0,31.0,41.0,47.0,55.0,1.0,330736,No,2014-05-10
17.0,29.0,31.0,48.0,49.0,34.0,284038,No,2014-05-07
5.0,15.0,16.0,46.0,49.0,26.0,330607,No,2014-05-03
2.0,9.0,11.0,19.0,50.0,32.0,282801,No,2014-04-30
3.0,7.0,22.0,30.0,33.0,20.0,337820,No,2014-04-26
19.0,25.0,29.0,36.0,48.0,12.0,505774,Yes,2014-04-23
5.0,6.0,29.0,35.0,51.0,21.0,485170,No,2014-04-19
34.0,39.0,42.0,44.0,59.0,8.0,446950,No,2014-04-16
14.0,26.0,45.0,54.0,55.0,20.0,402738,No,2014-04-12
9.0,14.0,44.0,48.0,49.0,29.0,356263,No,2014-04-09
11.0,21.0,26.0,33.0,34.0,29.0,382350,No,2014-04-05
8.0,13.0,19.0,22.0,53.0,24.0,340266,No,2014-04-02
2.0,3.0,12.0,27.0,38.0,17.0,379084,No,2014-03-29
28.0,33.0,41.0,44.0,59.0,21.0,305949,No,2014-03-26
13.0,28.0,31.0,55.0,58.0,15.0,404878,Yes,2014-03-22
2.0,19.0,23.0,34.0,43.0,14.0,390038,No,2014-03-19
2.0,5.0,34.0,51.0,58.0,9.0,401761,No,2014-03-15
14.0,15.0,28.0,37.0,54.0,10.0,350918,No,2014-03-12
10.0,14.0,24.0,32.0,41.0,30.0,355329,No,2014-03-08
3.0,7.0,9.0,26.0,54.0,19.0,346134,No,2014-03-05
3.0,8.0,25.0,30.0,47.0,13.0,447880,Yes,2014-03-01
11.0,12.0,17.0,38.0,42.0,2.0,328790,No,2014-02-26
2.0,3.0,13.0,14.0,54.0,4.0,372065,No,2014-02-22
1.0,17.0,35.0,49.0,54.0,34.0,2401689,Yes,2014-02-19
2.0,9.0,14.0,21.0,23.0,3.0,1205993,No,2014-02-15
36.0,44.0,49.0,52.0,57.0,1.0,871382,No,2014-02-12
24.0,25.0,34.0,37.0,54.0,29.0,808038,No,2014-02-08
8.0,17.0,32.0,57.0,59.0,24.0,651496,No,2014-02-05
5.0,12.0,15.0,27.0,38.0,7.0,726676,No,2014-02-01
11.0,23.0,28.0,32.0,47.0,20.0,504190,No,2014-01-29
8.0,12.0,18.0,55.0,57.0,2.0,504265,No,2014-01-25
1.0,2.0,7.0,9.0,55.0,29.0,441631,No,2014-01-22
13.0,14.0,19.0,31.0,38.0,25.0,473938,No,2014-01-18
7.0,8.0,9.0,24.0,29.0,25.0,405967,No,2014-01-15
10.0,15.0,33.0,48.0,54.0,34.0,345943,No,2014-01-11
10.0,28.0,39.0,47.0,58.0,22.0,322684,No,2014-01-08
19.0,20.0,37.0,41.0,58.0,14.0,356870,No,2014-01-04
15.0,24.0,40.0,48.0,52.0,23.0,331179,No,2014-01-01
8.0,35.0,44.0,51.0,56.0,18.0,339155,No,2013-12-28
23.0,28.0,38.0,39.0,56.0,32.0,328825,Yes,2013-12-25
25.0,36.0,40.0,45.0,51.0,8.0,388831,No,2013-12-21
7.0,24.0,37.0,39.0,40.0,1.0,410197,No,2013-12-18
14.0,25.0,32.0,33.0,41.0,34.0,419325,No,2013-12-14
1.0,10.0,13.0,18.0,19.0,27.0,501947,Yes,2013-12-11
13.0,20.0,32.0,45.0,48.0,17.0,485625,No,2013-12-07
6.0,9.0,11.0,31.0,44.0,25.0,396271,No,2013-12-04
5.0,26.0,44.0,45.0,57.0,29.0,360290,No,2013-11-30
18.0,25.0,50.0,55.0,57.0,17.0,374796,No,2013-11-27
5.0,12.0,43.0,52.0,55.0,10.0,384118,No,2013-11-23
4.0,18.0,23.0,32.0,45.0,7.0,373428,No,2013-11-20
10.0,29.0,37.0,44.0,59.0,10.0,536294,Yes,2013-11-16
5.0,31.0,50.0,55.0,56.0,9.0,461352,No,2013-11-13
3.0,9.0,37.0,49.0,56.0,32.0,408440,No,2013-11-09
1.0,5.0,10.0,15.0,49.0,22.0,396281,No,2013-11-06
13.0,23.0,24.0,27.0,40.0,17.0,440028,No,2013-11-02
2.0,36.0,40.0,49.0,54.0,10.0,363780,No,2013-10-30
4.0,6.0,34.0,49.0,56.0,29.0,402897,No,2013-10-26
3.0,23.0,31.0,34.0,47.0,13.0,864351,Yes,2013-10-23
9.0,33.0,54.0,56.0,57.0,5.0,729242,No,2013-10-19
3.0,26.0,28.0,34.0,42.0,28.0,584120,No,2013-10-16
8.0,10.0,26.0,57.0,58.0,4.0,590735,No,2013-10-12
3.0,9.0,19.0,33.0,38.0,18.0,538445,No,2013-10-09
11.0,12.0,17.0,39.0,40.0,5.0,517652,No,2013-10-05
4.0,6.0,25.0,42.0,51.0,17.0,432044,No,2013-10-02
14.0,47.0,52.0,53.0,54.0,5.0,457493,No,2013-09-28
2.0,7.0,17.0,49.0,53.0,23.0,415786,No,2013-09-25
12.0,17.0,45.0,54.0,58.0,13.0,467692,No,2013-09-21
7.0,10.0,22.0,32.0,35.0,19.0,2610722,Yes,2013-09-18
1.0,17.0,25.0,37.0,44.0,20.0,1389738,No,2013-09-14
11.0,19.0,33.0,42.0,52.0,33.0,1000443,No,2013-09-11
2.0,19.0,22.0,26.0,45.0,24.0,917871,No,2013-09-07
2.0,9.0,26.0,45.0,47.0,11.0,716637,No,2013-09-04
2.0,7.0,25.0,40.0,56.0,20.0,692761,No,2013-08-31
6.0,7.0,9.0,19.0,32.0,13.0,651701,No,2013-08-28
12.0,17.0,25.0,45.0,59.0,19.0,542016,No,2013-08-24
30.0,40.0,42.0,46.0,48.0,23.0,462510,No,2013-08-21
18.0,21.0,46.0,54.0,56.0,23.0,482017,No,2013-08-17
4.0,11.0,17.0,43.0,51.0,20.0,405844,No,2013-08-14
4.0,12.0,14.0,37.0,58.0,13.0,466051,No,2013-08-10
5.0,25.0,30.0,58.0,59.0,32.0,3661070,Yes,2013-08-07
21.0,24.0,36.0,42.0,45.0,15.0,1604490,No,2013-08-03
8.0,24.0,39.0,49.0,59.0,5.0,1164701,No,2013-07-31
9.0,23.0,40.0,53.0,58.0,6.0,870204,No,2013-07-27
9.0,29.0,40.0,44.0,54.0,7.0,718935,No,2013-07-24
14.0,25.0,27.0,38.0,58.0,6.0,643159,No,2013-07-20
1.0,22.0,34.0,38.0,42.0,17.0,549087,No,2013-07-17
2.0,8.0,22.0,35.0,37.0,6.0,500982,No,2013-07-13
30.0,31.0,45.0,55.0,59.0,27.0,408023,No,2013-07-10
2.0,13.0,35.0,36.0,52.0,11.0,439419,No,2013-07-06
3.0,6.0,29.0,40.0,51.0,4.0,393021,No,2013-07-03
8.0,28.0,30.0,53.0,56.0,16.0,402686,No,2013-06-29
1.0,18.0,33.0,39.0,46.0,33.0,353761,No,2013-06-26
13.0,19.0,23.0,33.0,57.0,28.0,590527,Yes,2013-06-22
7.0,46.0,47.0,52.0,57.0,17.0,528275,No,2013-06-19
28.0,36.0,40.0,48.0,55.0,1.0,463410,No,2013-06-15
16.0,22.0,23.0,42.0,55.0,32.0,401173,No,2013-06-12
2.0,11.0,22.0,26.0,32.0,19.0,505445,No,2013-06-08
4.0,26.0,33.0,36.0,55.0,32.0,375127,No,2013-06-05
22.0,28.0,33.0,53.0,59.0,14.0,441349,No,2013-06-01
9.0,14.0,17.0,49.0,57.0,2.0,362848,Yes,2013-05-29
2.0,6.0,19.0,21.0,27.0,25.0,512336,Yes,2013-05-25
9.0,31.0,35.0,41.0,57.0,26.0,415562,No,2013-05-22
10.0,13.0,14.0,22.0,52.0,11.0,6874433,Yes,2013-05-18
2.0,11.0,26.0,34.0,41.0,32.0,2420608,No,2013-05-15
6.0,13.0,19.0,23.0,43.0,16.0,1290248,No,2013-05-11
21.0,22.0,26.0,30.0,57.0,27.0,1057142,No,2013-05-08
7.0,12.0,26.0,36.0,40.0,17.0,895427,No,2013-05-04
22.0,26.0,31.0,54.0,55.0,18.0,722926,No,2013-05-01
3.0,23.0,48.0,54.0,55.0,5.0,712701,No,2013-04-27
9.0,19.0,31.0,56.0,59.0,2.0,568687,No,2013-04-24
6.0,8.0,30.0,39.0,48.0,20.0,532560,No,2013-04-20
13.0,18.0,36.0,48.0,58.0,28.0,442733,No,2013-04-17
10.0,12.0,31.0,56.0,57.0,33.0,499688,No,2013-04-13
1.0,36.0,40.0,52.0,53.0,20.0,463861,No,2013-04-10
4.0,7.0,8.0,29.0,39.0,24.0,406057,No,2013-04-06
1.0,6.0,8.0,12.0,35.0,3.0,355706,No,2013-04-03
11.0,23.0,26.0,46.0,55.0,27.0,395264,Yes,2013-03-30
7.0,37.0,43.0,48.0,52.0,16.0,306810,No,2013-03-27
17.0,29.0,31.0,52.0,53.0,31.0,2189362,Yes,2013-03-23
13.0,14.0,17.0,43.0,54.0,15.0,1212316,No,2013-03-20
3.0,7.0,21.0,44.0,53.0,16.0,1002091,No,2013-03-16
5.0,9.0,28.0,32.0,38.0,29.0,762641,No,2013-03-13
10.0,37.0,40.0,46.0,52.0,12.0,689889,No,2013-03-09
6.0,10.0,23.0,41.0,45.0,1.0,546343,No,2013-03-06
3.0,8.0,13.0,41.0,56.0,16.0,551417,No,2013-03-02
3.0,14.0,20.0,34.0,48.0,21.0,423782,No,2013-02-27
2.0,5.0,31.0,39.0,41.0,29.0,422213,No,2013-02-23
3.0,17.0,19.0,25.0,32.0,17.0,389130,No,2013-02-20
15.0,16.0,46.0,50.0,58.0,29.0,381692,No,2013-02-16
12.0,23.0,25.0,27.0,43.0,29.0,339473,No,2013-02-13
5.0,6.0,16.0,36.0,58.0,3.0,365961,No,2013-02-09
5.0,27.0,36.0,38.0,41.0,12.0,995639,Yes,2013-02-06
11.0,16.0,33.0,40.0,41.0,34.0,721355,No,2013-02-02
14.0,16.0,32.0,47.0,52.0,16.0,582569,No,2013-01-30
3.0,22.0,26.0,41.0,49.0,18.0,556682,No,2013-01-26
11.0,12.0,24.0,43.0,45.0,9.0,475089,No,2013-01-23
8.0,28.0,29.0,34.0,38.0,35.0,527592,No,2013-01-19
9.0,21.0,28.0,32.0,51.0,35.0,385627,No,2013-01-16
10.0,14.0,21.0,23.0,47.0,7.0,421254,No,2013-01-12
11.0,13.0,20.0,27.0,59.0,26.0,333602,No,2013-01-09
26.0,30.0,49.0,51.0,54.0,25.0,357057,No,2013-01-05
18.0,20.0,28.0,35.0,53.0,20.0,293773,No,2013-01-02
36.0,46.0,50.0,52.0,55.0,14.0,325361,No,2012-12-29
11.0,13.0,23.0,43.0,54.0,4.0,318749,Yes,2012-12-26
1.0,18.0,35.0,39.0,44.0,11.0,381005,No,2012-12-22
5.0,8.0,20.0,23.0,30.0,3.0,361739,Yes,2012-12-19
15.0,23.0,40.0,44.0,55.0,14.0,346486,No,2012-12-15
8.0,10.0,25.0,36.0,44.0,28.0,365937,Yes,2012-12-12
7.0,23.0,26.0,40.0,53.0,21.0,371595,No,2012-12-08
13.0,17.0,19.0,27.0,38.0,12.0,392927,Yes,2012-12-05
3.0,10.0,19.0,36.0,46.0,3.0,387664,No,2012-12-01
5.0,16.0,22.0,23.0,29.0,6.0,8092453,Yes,2012-11-28
22.0,32.0,37.0,44.0,50.0,34.0,1827496,No,2012-11-24
8.0,18.0,24.0,30.0,39.0,26.0,1167545,No,2012-11-21
3.0,15.0,27.0,58.0,59.0,20.0,919096,No,2012-11-17
8.0,10.0,30.0,44.0,58.0,13.0,756230,No,2012-11-14
32.0,42.0,50.0,54.0,55.0,32.0,622911,No,2012-11-10
32.0,34.0,45.0,52.0,58.0,20.0,529423,No,2012-11-07
4.0,7.0,9.0,30.0,54.0,25.0,547934,No,2012-11-03
1.0,27.0,31.0,45.0,48.0,5.0,428020,No,2012-10-31
22.0,32.0,34.0,36.0,56.0,33.0,490009,No,2012-10-27
3.0,18.0,21.0,23.0,50.0,4.0,382825,No,2012-10-24
4.0,21.0,28.0,31.0,44.0,10.0,399707,No,2012-10-20
1.0,7.0,10.0,23.0,42.0,35.0,354431,No,2012-10-17
2.0,5.0,25.0,26.0,49.0,18.0,360839,No,2012-10-13
18.0,26.0,29.0,35.0,43.0,28.0,288577,No,2012-10-10
15.0,26.0,34.0,36.0,59.0,35.0,346130,No,2012-10-06
17.0,23.0,36.0,55.0,59.0,10.0,328240,Yes,2012-10-03
14.0,18.0,28.0,29.0,57.0,8.0,360680,No,2012-09-29
13.0,26.0,39.0,41.0,42.0,10.0,840126,Yes,2012-09-26
2.0,16.0,18.0,40.0,42.0,33.0,676439,No,2012-09-22
1.0,5.0,8.0,39.0,50.0,23.0,586570,No,2012-09-19
3.0,20.0,26.0,43.0,48.0,1.0,505648,No,2012-09-15
24.0,33.0,36.0,48.0,56.0,6.0,442802,No,2012-09-12
6.0,20.0,34.0,44.0,48.0,29.0,458605,No,2012-09-08
4.0,19.0,26.0,42.0,51.0,29.0,360038,No,2012-09-05
8.0,11.0,21.0,44.0,49.0,22.0,398640,No,2012-09-01
25.0,28.0,49.0,54.0,56.0,28.0,317136,No,2012-08-29
1.0,6.0,7.0,20.0,49.0,23.0,388070,No,2012-08-25
22.0,29.0,31.0,47.0,55.0,19.0,323109,No,2012-08-22
14.0,26.0,41.0,55.0,59.0,1.0,307643,No,2012-08-18
6.0,27.0,46.0,51.0,56.0,21.0,2392434,Yes,2012-08-15
4.0,13.0,39.0,46.0,51.0,1.0,1159128,No,2012-08-11
3.0,7.0,11.0,15.0,28.0,12.0,1010789,No,2012-08-08
19.0,30.0,48.0,53.0,55.0,18.0,773815,No,2012-08-04
3.0,16.0,48.0,56.0,58.0,4.0,616985,No,2012-08-01
5.0,6.0,13.0,36.0,50.0,13.0,602352,No,2012-07-28
3.0,14.0,35.0,38.0,46.0,16.0,480522,No,2012-07-25
9.0,31.0,38.0,54.0,56.0,20.0,493735,No,2012-07-21
2.0,5.0,20.0,23.0,57.0,3.0,461255,No,2012-07-18
4.0,16.0,32.0,37.0,46.0,13.0,447776,No,2012-07-14
5.0,22.0,36.0,49.0,55.0,23.0,361518,No,2012-07-11
3.0,5.0,29.0,39.0,59.0,29.0,356526,No,2012-07-07
14.0,19.0,35.0,39.0,56.0,33.0,287905,No,2012-07-04
7.0,15.0,20.0,41.0,44.0,22.0,317245,No,2012-06-30
6.0,34.0,40.0,46.0,58.0,6.0,280925,No,2012-06-27
1.0,3.0,41.0,44.0,53.0,30.0,343646,Yes,2012-06-23
11.0,17.0,29.0,56.0,57.0,14.0,303418,No,2012-06-20
8.0,14.0,15.0,16.0,27.0,26.0,353936,No,2012-06-16
7.0,10.0,14.0,33.0,57.0,18.0,914851,Yes,2012-06-13
18.0,22.0,45.0,56.0,57.0,27.0,802297,No,2012-06-09
19.0,30.0,33.0,48.0,59.0,27.0,626451,No,2012-06-06
9.0,10.0,17.0,29.0,45.0,33.0,628663,No,2012-06-02
9.0,10.0,24.0,52.0,56.0,14.0,484945,No,2012-05-30
13.0,14.0,41.0,49.0,59.0,14.0,502491,No,2012-05-26
4.0,7.0,26.0,53.0,59.0,32.0,423727,No,2012-05-23
8.0,13.0,35.0,46.0,51.0,30.0,460460,No,2012-05-19
3.0,7.0,21.0,28.0,43.0,2.0,367673,No,2012-05-16
10.0,24.0,35.0,53.0,58.0,22.0,377140,No,2012-05-12
1.0,7.0,11.0,55.0,56.0,1.0,312688,No,2012-05-09
9.0,12.0,20.0,44.0,59.0,23.0,363553,No,2012-05-05
7.0,8.0,33.0,38.0,50.0,29.0,301685,No,2012-05-02
31.0,39.0,40.0,57.0,58.0,33.0,344440,No,2012-04-28
4.0,25.0,29.0,34.0,43.0,29.0,575690,Yes,2012-04-25
6.0,8.0,20.0,42.0,51.0,16.0,563126,No,2012-04-21
20.0,22.0,39.0,46.0,49.0,29.0,484170,No,2012-04-18
14.0,15.0,16.0,19.0,24.0,2.0,508773,No,2012-04-14
16.0,23.0,42.0,44.0,47.0,2.0,386144,No,2012-04-11
5.0,13.0,17.0,20.0,30.0,18.0,442112,No,2012-04-07
1.0,24.0,33.0,45.0,49.0,6.0,369419,No,2012-04-04
5.0,14.0,36.0,54.0,58.0,27.0,487690,No,2012-03-31
11.0,16.0,29.0,50.0,58.0,33.0,360852,No,2012-03-28
1.0,15.0,35.0,37.0,47.0,8.0,391183,No,2012-03-24
32.0,43.0,53.0,55.0,56.0,6.0,363447,Yes,2012-03-21
11.0,14.0,49.0,55.0,58.0,30.0,394904,No,2012-03-17
1.0,8.0,41.0,46.0,59.0,24.0,349993,No,2012-03-14
5.0,14.0,17.0,20.0,41.0,5.0,442253,No,2012-03-10
12.0,35.0,45.0,46.0,47.0,12.0,399884,Yes,2012-03-07
29.0,30.0,45.0,47.0,49.0,35.0,461551,No,2012-03-03
1.0,4.0,11.0,23.0,26.0,14.0,380380,No,2012-02-29
6.0,11.0,42.0,53.0,54.0,7.0,527245,Yes,2012-02-25
7.0,16.0,17.0,39.0,51.0,32.0,392366,No,2012-02-22
23.0,28.0,50.0,56.0,59.0,5.0,489614,No,2012-02-18
11.0,12.0,32.0,52.0,56.0,11.0,449499,No,2012-02-15
1.0,10.0,37.0,52.0,57.0,11.0,2427244,Yes,2012-02-11
17.0,28.0,38.0,39.0,51.0,33.0,1243810,No,2012-02-08
15.0,23.0,43.0,45.0,56.0,7.0,1071722,No,2012-02-04
8.0,13.0,17.0,34.0,59.0,35.0,775736,No,2012-02-01
5.0,33.0,41.0,54.0,59.0,13.0,688880,No,2012-01-28
4.0,19.0,28.0,29.0,47.0,5.0,567337,No,2012-01-25
12.0,24.0,43.0,44.0,45.0,7.0,569200,No,2012-01-21
6.0,29.0,34.0,44.0,50.0,28.0,416653,No,2012-01-18
